Model,ROC_AUC,PR_AUC,Threshold,Val_precision,Val_recall,Test_precision,Test_recall
Logistic Regression,0.7953015157517082,0.04691353622333778,,,,,
Random Forest,0.7417188836298773,0.03268594675844751,0.7068554422150113,0.2,0.00847457627118644,0.057692307692307696,0.025210084033613446
